<?xml version="1.0" encoding="UTF-8"?>
<xml>
  <manifest>
    <manifest_files>
      <file_0>bWFw</file_0>
      <file_1>bWFwX2NvdW50ZXI=</file_1>
      <file_2>bWFwX2NvdW50ZXJfcnVsZQ==</file_2>
      <file_3>bWFwX25vZGU=</file_3>
      <file_4>bWFwX2tleQ==</file_4>
      <file_5>bWFwX3ZwZA==</file_5>
      <file_6>bWFwX3ZwZF9lbGVtZW50</file_6>
      <file_7>bWFwX25vZGVfY291bnRlcg==</file_7>
      <file_8>bWFwX25vZGVfbGluaw==</file_8>
      <file_9>bWFwX25vZGVfc2VjdGlvbg==</file_9>
      <file_10>bWFwX25vZGVfc2VjdGlvbl9ub2Rl</file_10>
    </manifest_files>
  </manifest>
</xml>
