<?xml version="1.0" encoding="UTF-8"?>
<xml>
  <map>
    <id>6</id>
    <name>Q2FzZSBTdHVkeSAx</name>
    <author_id>1</author_id>
    <abstract/>
    <startScore>0</startScore>
    <threshold>0</threshold>
    <keywords>U0NDLENo4bqlbiB0aMawxqFuZywgxJBhIGNo4bqlbiB0aMawxqFuZw==</keywords>
    <type_id>2</type_id>
    <units/>
    <security_id>4</security_id>
    <guid/>
    <timing>0</timing>
    <delta_time>0</delta_time>
    <reminder_msg>ZW1wdHlfcmVtaW5kZXJfbXNn</reminder_msg>
    <reminder_time>0</reminder_time>
    <show_bar>0</show_bar>
    <show_score>0</show_score>
    <skin_id>1</skin_id>
    <enabled>1</enabled>
    <section_id>3</section_id>
    <language_id>1</language_id>
    <feedback/>
    <dev_notes/>
    <source/>
    <source_id>0</source_id>
    <verification>eyJsaW5rX2xvZ2ljIjpudWxsLCJub2RlX2NvbnQiOm51bGwsImNsaW5pY2FsX2FjYyI6bnVsbCwibWVkaWFfY29udCI6bnVsbCwibWVkaWFfY29weSI6bnVsbCwibWV0YWRhdGEiOm51bGwsImluc3RfZ3VpZGUiOm51bGx9</verification>
    <assign_forum_id/>
    <author_rights>0</author_rights>
    <revisable_answers>0</revisable_answers>
    <send_xapi_statements>0</send_xapi_statements>
  </map>
</xml>
