<?xml version="1.0" encoding="UTF-8"?>
<xml>
  <map_node_link>
    <map_node_link_0>
      <id>176</id>
      <map_id>6</map_id>
      <node_id_1>92</node_id_1>
      <node_id_2>93</node_id_2>
      <image_id>0</image_id>
      <text/>
      <order>0</order>
      <probability>0</probability>
      <hidden>0</hidden>
    </map_node_link_0>
    <map_node_link_1>
      <id>177</id>
      <map_id>6</map_id>
      <node_id_1>92</node_id_1>
      <node_id_2>94</node_id_2>
      <image_id>0</image_id>
      <text/>
      <order>0</order>
      <probability>0</probability>
      <hidden>0</hidden>
    </map_node_link_1>
    <map_node_link_2>
      <id>178</id>
      <map_id>6</map_id>
      <node_id_1>94</node_id_1>
      <node_id_2>95</node_id_2>
      <image_id>0</image_id>
      <text/>
      <order>0</order>
      <probability>0</probability>
      <hidden>0</hidden>
    </map_node_link_2>
    <map_node_link_3>
      <id>179</id>
      <map_id>6</map_id>
      <node_id_1>92</node_id_1>
      <node_id_2>96</node_id_2>
      <image_id>0</image_id>
      <text/>
      <order>0</order>
      <probability>0</probability>
      <hidden>0</hidden>
    </map_node_link_3>
    <map_node_link_4>
      <id>180</id>
      <map_id>6</map_id>
      <node_id_1>95</node_id_1>
      <node_id_2>93</node_id_2>
      <image_id>0</image_id>
      <text/>
      <order>0</order>
      <probability>0</probability>
      <hidden>0</hidden>
    </map_node_link_4>
    <map_node_link_5>
      <id>181</id>
      <map_id>6</map_id>
      <node_id_1>96</node_id_1>
      <node_id_2>95</node_id_2>
      <image_id>0</image_id>
      <text/>
      <order>0</order>
      <probability>0</probability>
      <hidden>0</hidden>
    </map_node_link_5>
    <map_node_link_6>
      <id>182</id>
      <map_id>6</map_id>
      <node_id_1>93</node_id_1>
      <node_id_2>97</node_id_2>
      <image_id>0</image_id>
      <text/>
      <order>0</order>
      <probability>0</probability>
      <hidden>0</hidden>
    </map_node_link_6>
    <map_node_link_7>
      <id>183</id>
      <map_id>6</map_id>
      <node_id_1>93</node_id_1>
      <node_id_2>98</node_id_2>
      <image_id>0</image_id>
      <text/>
      <order>0</order>
      <probability>0</probability>
      <hidden>0</hidden>
    </map_node_link_7>
    <map_node_link_8>
      <id>184</id>
      <map_id>6</map_id>
      <node_id_1>97</node_id_1>
      <node_id_2>99</node_id_2>
      <image_id>0</image_id>
      <text/>
      <order>0</order>
      <probability>0</probability>
      <hidden>0</hidden>
    </map_node_link_8>
    <map_node_link_9>
      <id>185</id>
      <map_id>6</map_id>
      <node_id_1>95</node_id_1>
      <node_id_2>99</node_id_2>
      <image_id>0</image_id>
      <text/>
      <order>0</order>
      <probability>0</probability>
      <hidden>0</hidden>
    </map_node_link_9>
    <map_node_link_10>
      <id>186</id>
      <map_id>6</map_id>
      <node_id_1>98</node_id_1>
      <node_id_2>100</node_id_2>
      <image_id>0</image_id>
      <text/>
      <order>0</order>
      <probability>0</probability>
      <hidden>0</hidden>
    </map_node_link_10>
    <map_node_link_11>
      <id>187</id>
      <map_id>6</map_id>
      <node_id_1>98</node_id_1>
      <node_id_2>101</node_id_2>
      <image_id>0</image_id>
      <text/>
      <order>0</order>
      <probability>0</probability>
      <hidden>0</hidden>
    </map_node_link_11>
    <map_node_link_12>
      <id>188</id>
      <map_id>6</map_id>
      <node_id_1>101</node_id_1>
      <node_id_2>93</node_id_2>
      <image_id>0</image_id>
      <text/>
      <order>0</order>
      <probability>0</probability>
      <hidden>0</hidden>
    </map_node_link_12>
    <map_node_link_13>
      <id>189</id>
      <map_id>6</map_id>
      <node_id_1>100</node_id_1>
      <node_id_2>102</node_id_2>
      <image_id>0</image_id>
      <text/>
      <order>0</order>
      <probability>0</probability>
      <hidden>0</hidden>
    </map_node_link_13>
    <map_node_link_14>
      <id>190</id>
      <map_id>6</map_id>
      <node_id_1>94</node_id_1>
      <node_id_2>103</node_id_2>
      <image_id>0</image_id>
      <text/>
      <order>0</order>
      <probability>0</probability>
      <hidden>0</hidden>
    </map_node_link_14>
    <map_node_link_15>
      <id>191</id>
      <map_id>6</map_id>
      <node_id_1>94</node_id_1>
      <node_id_2>104</node_id_2>
      <image_id>0</image_id>
      <text/>
      <order>0</order>
      <probability>0</probability>
      <hidden>0</hidden>
    </map_node_link_15>
    <map_node_link_16>
      <id>192</id>
      <map_id>6</map_id>
      <node_id_1>94</node_id_1>
      <node_id_2>105</node_id_2>
      <image_id>0</image_id>
      <text/>
      <order>0</order>
      <probability>0</probability>
      <hidden>0</hidden>
    </map_node_link_16>
  </map_node_link>
</xml>
