<?xml version="1.0" encoding="UTF-8"?>
<xml>
  <map_vpd_element>
    <map_vpd_element_0>
      <id>1</id>
      <vpd_id>1</vpd_id>
      <key>ZGVtdHlwZQ==</key>
      <value>b24=</value>
    </map_vpd_element_0>
    <map_vpd_element_1>
      <id>2</id>
      <vpd_id>1</vpd_id>
      <key>Q29yZURlbW9nVHlwZQ==</key>
      <value>TmFtZQ==</value>
    </map_vpd_element_1>
    <map_vpd_element_2>
      <id>3</id>
      <vpd_id>1</vpd_id>
      <key>RGVtb2dUZXh0</key>
      <value>Tmd1eeG7hW4gVsSDbiBB</value>
    </map_vpd_element_2>
    <map_vpd_element_3>
      <id>4</id>
      <vpd_id>1</vpd_id>
      <key>UHJpdmF0ZQ==</key>
      <value>T2Zm</value>
    </map_vpd_element_3>
  </map_vpd_element>
</xml>
