<?xml version="1.0" encoding="UTF-8"?>
<xml>
  <map_node_counter>
    <map_node_counter_0>
      <id>1</id>
      <node_id>92</node_id>
      <counter_id>1</counter_id>
      <function/>
      <display>0</display>
    </map_node_counter_0>
    <map_node_counter_1>
      <id>2</id>
      <node_id>93</node_id>
      <counter_id>1</counter_id>
      <function/>
      <display>0</display>
    </map_node_counter_1>
    <map_node_counter_2>
      <id>3</id>
      <node_id>94</node_id>
      <counter_id>1</counter_id>
      <function/>
      <display>0</display>
    </map_node_counter_2>
    <map_node_counter_3>
      <id>4</id>
      <node_id>95</node_id>
      <counter_id>1</counter_id>
      <function>1</function>
      <display>1</display>
    </map_node_counter_3>
    <map_node_counter_4>
      <id>5</id>
      <node_id>96</node_id>
      <counter_id>1</counter_id>
      <function/>
      <display>0</display>
    </map_node_counter_4>
    <map_node_counter_5>
      <id>6</id>
      <node_id>97</node_id>
      <counter_id>1</counter_id>
      <function/>
      <display>0</display>
    </map_node_counter_5>
    <map_node_counter_6>
      <id>7</id>
      <node_id>98</node_id>
      <counter_id>1</counter_id>
      <function/>
      <display>0</display>
    </map_node_counter_6>
    <map_node_counter_7>
      <id>8</id>
      <node_id>99</node_id>
      <counter_id>1</counter_id>
      <function/>
      <display>0</display>
    </map_node_counter_7>
    <map_node_counter_8>
      <id>9</id>
      <node_id>100</node_id>
      <counter_id>1</counter_id>
      <function/>
      <display>0</display>
    </map_node_counter_8>
    <map_node_counter_9>
      <id>10</id>
      <node_id>101</node_id>
      <counter_id>1</counter_id>
      <function/>
      <display>0</display>
    </map_node_counter_9>
    <map_node_counter_10>
      <id>11</id>
      <node_id>102</node_id>
      <counter_id>1</counter_id>
      <function/>
      <display>0</display>
    </map_node_counter_10>
    <map_node_counter_11>
      <id>12</id>
      <node_id>103</node_id>
      <counter_id>1</counter_id>
      <function/>
      <display>0</display>
    </map_node_counter_11>
    <map_node_counter_12>
      <id>13</id>
      <node_id>104</node_id>
      <counter_id>1</counter_id>
      <function/>
      <display>0</display>
    </map_node_counter_12>
    <map_node_counter_13>
      <id>14</id>
      <node_id>105</node_id>
      <counter_id>1</counter_id>
      <function/>
      <display>0</display>
    </map_node_counter_13>
  </map_node_counter>
</xml>
