<?xml version="1.0" encoding="UTF-8"?>
<xml>
  <map_node_section_node>
    <map_node_section_node_0>
      <id>2</id>
      <section_id>1</section_id>
      <node_id>94</node_id>
      <order>0</order>
      <node_type/>
    </map_node_section_node_0>
    <map_node_section_node_1>
      <id>3</id>
      <section_id>1</section_id>
      <node_id>103</node_id>
      <order>0</order>
      <node_type/>
    </map_node_section_node_1>
    <map_node_section_node_2>
      <id>4</id>
      <section_id>1</section_id>
      <node_id>104</node_id>
      <order>0</order>
      <node_type/>
    </map_node_section_node_2>
    <map_node_section_node_3>
      <id>5</id>
      <section_id>1</section_id>
      <node_id>105</node_id>
      <order>0</order>
      <node_type/>
    </map_node_section_node_3>
  </map_node_section_node>
</xml>
